id;area;origen;hora
1;Ergonómico de holistic;Peso;2022-11-15T09:41:14
2;online estable Rojo;Cambridgeshire Sabroso compress;2022-11-15T14:00:52
3;Informática Proactivo Account;Mesa;2022-11-15T22:26:14
4;Card parse;interface HDD;2022-11-15T10:53:32
5;Bedfordshire XSS Masía;Zloty synthesize;2022-11-15T16:31:09
6;capacitor;wireless;2022-11-15T09:41:33
7;EXE;Gold Web;2022-11-15T01:24:42
8;strategic generating Cataluña;acceso Buckinghamshire;2022-11-15T08:03:50
9;North Interno;withdrawal archivo;2022-11-15T04:01:51
10;virtual invoice;withdrawal;2022-11-14T23:57:11
