id;nombre;contrasena;rol;nombre_usuario;sexo;edad;apellido
1;Buckinghamshire transmitting;multiestado;Queso actitud Account;Metal Interno Leone;transmitting Galicia;convergence COM Acero;Bedfordshire SCSI
2;Total;program Adelante;Decoración Ramal;PCI Rial Toallas;real-time generación;Violeta;Expandido cara
3;Micronesia Corporativo;Hormigon proyección payment;up;Bicicleta;impactful Tunez Pound;generating Fantástico e-commerce;tiempo
4;open-source Refinado;Avon mano Salud;Amarillo;Dominica;Técnico;Granito Horizontal;payment online benchmark
5;infomediaries input;Plástico;Atún Bacon;Masía Borders;Nigeria;transmit;Ingeniero
6;optical Morado;input Dinánmico Ladrillo;parsing Masía;open-source;Cambridgeshire Kazajistan;Dinar Investment;Refinado Lempira
7;firewall backing;alto;Mancha Sabroso;Mesa;Paseo;SSL;hard Bricolaje
8;Blanco up Sorprendente;partnerships markets;Distrito Juguetería synergize;Diverso invoice;driver hacking;Masía previsión;scalable
9;Madera Usabilidad;rich Queso Práctico;Pequeño Interacciones;Pollo estatica Ferrocarril;Refinado Lugar;Juguetería parsing Violeta;Pelota
10;Ramal Diseñador program;Orgánico Morado;Granito array;Valenciana THX;Rojo generating;Multi reintermediate;Queso Librería
